<ImportExportXml xmlns:xsi="http://www.w3.org/2001/XMLSchema-instance" OrganizationVersion="9.2.25021.162" OrganizationSchemaType="Standard" CRMServerServiceabilityVersion="9.2.25022.00162">
  <Entities></Entities>
  <Roles></Roles>
  <Workflows></Workflows>
  <FieldSecurityProfiles></FieldSecurityProfiles>
  <Templates />
  <EntityMaps />
  <EntityRelationships />
  <OrganizationSettings />
  <optionsets />
  <CustomControls />
  <EntityDataProviders />
  <Connectors>
    <Connector>
      <connectorid>f0013553-0fbb-4208-a9b9-01638f66f964</connectorid>
      <description>Extract Azure AI Video Indexer’s insights into a prompt ready format that can be easily used with large language models to process natural language queries.</description>
      <displayname>Video Indexer for NLP</displayname>
      <iconbrandcolor>#ffffff</iconbrandcolor>
      <name>dev_5Fvideo-20indexer-20for-20nlp</name>
      <connectortype>1</connectortype>
      <openapidefinition>/Connector/dev_5Fvideo-20indexer-20for-20nlp_openapidefinition.json</openapidefinition>
      <connectionparameters>/Connector/dev_5Fvideo-20indexer-20for-20nlp_connectionparameters.json</connectionparameters>
      <policytemplateinstances>/Connector/dev_5Fvideo-20indexer-20for-20nlp_policytemplateinstances.json</policytemplateinstances>
      <iconblob>/Connector/dev_5Fvideo-20indexer-20for-20nlp_iconblob.Png</iconblob>
    </Connector>
    <Connector>
      <connectorid>63826b1e-c104-4c31-b381-dc2136ea5751</connectorid>
      <description>Azure AI Search Indexer facilitates indexing operations.</description>
      <displayname>Azure AI Search Indexer</displayname>
      <iconbrandcolor>#ffffff</iconbrandcolor>
      <name>dev_5Fazure-20ai-20search-20indexer</name>
      <connectortype>1</connectortype>
      <openapidefinition>/Connector/dev_5Fazure-20ai-20search-20indexer_openapidefinition.json</openapidefinition>
      <connectionparameters>/Connector/dev_5Fazure-20ai-20search-20indexer_connectionparameters.json</connectionparameters>
      <policytemplateinstances>/Connector/dev_5Fazure-20ai-20search-20indexer_policytemplateinstances.json</policytemplateinstances>
      <iconblob>/Connector/dev_5Fazure-20ai-20search-20indexer_iconblob.Jpeg</iconblob>
    </Connector>
  </Connectors>
  <Languages>
    <Language>1033</Language>
  </Languages>
</ImportExportXml>