<ImportExportXml xmlns:xsi="http://www.w3.org/2001/XMLSchema-instance" OrganizationVersion="9.2.25021.162" OrganizationSchemaType="Standard" CRMServerServiceabilityVersion="9.2.25022.00162">
  <Entities></Entities>
  <Roles></Roles>
  <Workflows>
    <Workflow WorkflowId="{5680fc8e-23f1-ef11-be20-000d3a0adb79}" Name="SuperFam - Prepare Video DB" Description="This flow will extract insights from Azure AI Video Indexer, structure them, and store them in Azure AI Search for easy retrieval by LLMs.">
      <JsonFileName>/Workflows/SuperFam-PrepareVideoDB-5680FC8E-23F1-EF11-BE20-000D3A0ADB79.json</JsonFileName>
      <Type>1</Type>
      <Subprocess>0</Subprocess>
      <Category>5</Category>
      <Mode>0</Mode>
      <Scope>4</Scope>
      <OnDemand>0</OnDemand>
      <TriggerOnCreate>0</TriggerOnCreate>
      <TriggerOnDelete>0</TriggerOnDelete>
      <AsyncAutodelete>0</AsyncAutodelete>
      <SyncWorkflowLogOnFailure>0</SyncWorkflowLogOnFailure>
      <StateCode>1</StateCode>
      <StatusCode>2</StatusCode>
      <RunAs>1</RunAs>
      <IsTransacted>1</IsTransacted>
      <IntroducedVersion>1.0.0.0</IntroducedVersion>
      <IsCustomizable>1</IsCustomizable>
      <BusinessProcessType>0</BusinessProcessType>
      <IsCustomProcessingStepAllowedForOtherPublishers>1</IsCustomProcessingStepAllowedForOtherPublishers>
      <PrimaryEntity>none</PrimaryEntity>
      <LocalizedNames>
        <LocalizedName languagecode="1033" description="SuperFam - Prepare Video DB" />
      </LocalizedNames>
      <Descriptions>
        <Description languagecode="1033" description="This flow will extract insights from Azure AI Video Indexer, structure them, and store them in Azure AI Search for easy retrieval by LLMs." />
      </Descriptions>
    </Workflow>
    <Workflow WorkflowId="{68204ff2-e4f1-ef11-be20-000d3a0adb79}" Name="SuperFam - Extract Source Videos" Description="This flow is used to extract the relevant source videos information that would be used in copilot agent to reformat the citation markup.">
      <JsonFileName>/Workflows/SuperFam-ExtractSourceVideos-68204FF2-E4F1-EF11-BE20-000D3A0ADB79.json</JsonFileName>
      <Type>1</Type>
      <Subprocess>0</Subprocess>
      <Category>5</Category>
      <Mode>0</Mode>
      <Scope>4</Scope>
      <OnDemand>0</OnDemand>
      <TriggerOnCreate>0</TriggerOnCreate>
      <TriggerOnDelete>0</TriggerOnDelete>
      <AsyncAutodelete>0</AsyncAutodelete>
      <SyncWorkflowLogOnFailure>0</SyncWorkflowLogOnFailure>
      <StateCode>1</StateCode>
      <StatusCode>2</StatusCode>
      <RunAs>1</RunAs>
      <IsTransacted>1</IsTransacted>
      <IntroducedVersion>1.0.0.0</IntroducedVersion>
      <IsCustomizable>1</IsCustomizable>
      <BusinessProcessType>0</BusinessProcessType>
      <IsCustomProcessingStepAllowedForOtherPublishers>1</IsCustomProcessingStepAllowedForOtherPublishers>
      <PrimaryEntity>none</PrimaryEntity>
      <LocalizedNames>
        <LocalizedName languagecode="1033" description="SuperFam - Extract Source Videos" />
      </LocalizedNames>
      <Descriptions>
        <Description languagecode="1033" description="This flow is used to extract the relevant source videos information that would be used in copilot agent to reformat the citation markup." />
      </Descriptions>
    </Workflow>
  </Workflows>
  <FieldSecurityProfiles></FieldSecurityProfiles>
  <Templates />
  <EntityMaps />
  <EntityRelationships />
  <OrganizationSettings />
  <optionsets />
  <CustomControls />
  <EntityDataProviders />
  <connectionreferences>
    <connectionreference connectionreferencelogicalname="dev_sharedazureblob_da351">
      <connectionreferencedisplayname>SuperFam - Azure Blob Storage</connectionreferencedisplayname>
      <connectorid>/providers/Microsoft.PowerApps/apis/shared_azureblob</connectorid>
      <description>Connection Reference for Azure Blob Storage.</description>
      <iscustomizable>1</iscustomizable>
      <promptingbehavior>0</promptingbehavior>
      <statecode>0</statecode>
      <statuscode>1</statuscode>
    </connectionreference>
    <connectionreference connectionreferencelogicalname="dev_sharedcommondataserviceforapps_c7381">
      <connectionreferencedisplayname>SuperFam - Microsoft Dataverse CR</connectionreferencedisplayname>
      <connectorid>/providers/Microsoft.PowerApps/apis/shared_commondataserviceforapps</connectorid>
      <description>Connection Reference for Dataverse environment.</description>
      <iscustomizable>1</iscustomizable>
      <promptingbehavior>0</promptingbehavior>
      <statecode>0</statecode>
      <statuscode>1</statuscode>
    </connectionreference>
    <connectionreference connectionreferencelogicalname="dev_SuperFamAzureAISearch">
      <connectionreferencedisplayname>SuperFam - Azure AI Search </connectionreferencedisplayname>
      <connectorid>/providers/Microsoft.PowerApps/apis/shared_azureaisearch</connectorid>
      <iscustomizable>1</iscustomizable>
      <promptingbehavior>0</promptingbehavior>
      <statecode>0</statecode>
      <statuscode>1</statuscode>
    </connectionreference>
    <connectionreference connectionreferencelogicalname="dev_SuperFamAzureAISearchIndexer">
      <connectionreferencedisplayname>SuperFam - Azure AI Search Indexer</connectionreferencedisplayname>
      <connectorid>/providers/Microsoft.PowerApps/apis/shared_dev-5fazure-20ai-20search-20indexer-5f288c598e05251a12</connectorid>
      <customconnectorid>
        <connectorid>63826b1e-c104-4c31-b381-dc2136ea5751</connectorid>
      </customconnectorid>
      <description>Connection Reference for Azure AI search Indexer.</description>
      <iscustomizable>1</iscustomizable>
      <promptingbehavior>0</promptingbehavior>
      <statecode>0</statecode>
      <statuscode>1</statuscode>
    </connectionreference>
    <connectionreference connectionreferencelogicalname="dev_SuperFamVideoIndexerforNLPCR">
      <connectionreferencedisplayname>SuperFam - Video Indexer for NLP</connectionreferencedisplayname>
      <connectorid>/providers/Microsoft.PowerApps/apis/shared_dev-5fvideo-20indexer-20for-20nlp-5f288c598e05251a12</connectorid>
      <customconnectorid>
        <connectorid>f0013553-0fbb-4208-a9b9-01638f66f964</connectorid>
      </customconnectorid>
      <description>Connection Reference for video indexer for LLM</description>
      <iscustomizable>1</iscustomizable>
      <promptingbehavior>0</promptingbehavior>
      <statecode>0</statecode>
      <statuscode>1</statuscode>
    </connectionreference>
  </connectionreferences>
  <Languages>
    <Language>1033</Language>
  </Languages>
</ImportExportXml>