<ImportExportXml version="9.2.25021.162" SolutionPackageVersion="9.2" languagecode="1033" generatedBy="CrmLive" xmlns:xsi="http://www.w3.org/2001/XMLSchema-instance" OrganizationVersion="9.2.25021.162" OrganizationSchemaType="Standard" CRMServerServiceabilityVersion="9.2.25022.00162">
  <SolutionManifest>
    <UniqueName>SuperFamAI</UniqueName>
    <LocalizedNames>
      <LocalizedName description="SuperFam AI" languagecode="1033" />
    </LocalizedNames>
    <Descriptions />
    <Version>1.0.0.0</Version>
    <Managed>1</Managed>
    <Publisher>
      <UniqueName>developer</UniqueName>
      <LocalizedNames>
        <LocalizedName description="Developer" languagecode="1033" />
      </LocalizedNames>
      <Descriptions />
      <EMailAddress xsi:nil="true"></EMailAddress>
      <SupportingWebsiteUrl xsi:nil="true"></SupportingWebsiteUrl>
      <CustomizationPrefix>dev</CustomizationPrefix>
      <CustomizationOptionValuePrefix>77573</CustomizationOptionValuePrefix>
      <Addresses>
        <Address>
          <AddressNumber>1</AddressNumber>
          <AddressTypeCode>1</AddressTypeCode>
          <City xsi:nil="true"></City>
          <County xsi:nil="true"></County>
          <Country xsi:nil="true"></Country>
          <Fax xsi:nil="true"></Fax>
          <FreightTermsCode xsi:nil="true"></FreightTermsCode>
          <ImportSequenceNumber xsi:nil="true"></ImportSequenceNumber>
          <Latitude xsi:nil="true"></Latitude>
          <Line1 xsi:nil="true"></Line1>
          <Line2 xsi:nil="true"></Line2>
          <Line3 xsi:nil="true"></Line3>
          <Longitude xsi:nil="true"></Longitude>
          <Name xsi:nil="true"></Name>
          <PostalCode xsi:nil="true"></PostalCode>
          <PostOfficeBox xsi:nil="true"></PostOfficeBox>
          <PrimaryContactName xsi:nil="true"></PrimaryContactName>
          <ShippingMethodCode>1</ShippingMethodCode>
          <StateOrProvince xsi:nil="true"></StateOrProvince>
          <Telephone1 xsi:nil="true"></Telephone1>
          <Telephone2 xsi:nil="true"></Telephone2>
          <Telephone3 xsi:nil="true"></Telephone3>
          <TimeZoneRuleVersionNumber xsi:nil="true"></TimeZoneRuleVersionNumber>
          <UPSZone xsi:nil="true"></UPSZone>
          <UTCOffset xsi:nil="true"></UTCOffset>
          <UTCConversionTimeZoneCode xsi:nil="true"></UTCConversionTimeZoneCode>
        </Address>
        <Address>
          <AddressNumber>2</AddressNumber>
          <AddressTypeCode>1</AddressTypeCode>
          <City xsi:nil="true"></City>
          <County xsi:nil="true"></County>
          <Country xsi:nil="true"></Country>
          <Fax xsi:nil="true"></Fax>
          <FreightTermsCode xsi:nil="true"></FreightTermsCode>
          <ImportSequenceNumber xsi:nil="true"></ImportSequenceNumber>
          <Latitude xsi:nil="true"></Latitude>
          <Line1 xsi:nil="true"></Line1>
          <Line2 xsi:nil="true"></Line2>
          <Line3 xsi:nil="true"></Line3>
          <Longitude xsi:nil="true"></Longitude>
          <Name xsi:nil="true"></Name>
          <PostalCode xsi:nil="true"></PostalCode>
          <PostOfficeBox xsi:nil="true"></PostOfficeBox>
          <PrimaryContactName xsi:nil="true"></PrimaryContactName>
          <ShippingMethodCode>1</ShippingMethodCode>
          <StateOrProvince xsi:nil="true"></StateOrProvince>
          <Telephone1 xsi:nil="true"></Telephone1>
          <Telephone2 xsi:nil="true"></Telephone2>
          <Telephone3 xsi:nil="true"></Telephone3>
          <TimeZoneRuleVersionNumber xsi:nil="true"></TimeZoneRuleVersionNumber>
          <UPSZone xsi:nil="true"></UPSZone>
          <UTCOffset xsi:nil="true"></UTCOffset>
          <UTCConversionTimeZoneCode xsi:nil="true"></UTCConversionTimeZoneCode>
        </Address>
      </Addresses>
    </Publisher>
    <RootComponents>
      <RootComponent type="29" id="{5680fc8e-23f1-ef11-be20-000d3a0adb79}" behavior="0" />
      <RootComponent type="29" id="{68204ff2-e4f1-ef11-be20-000d3a0adb79}" behavior="0" />
    </RootComponents>
    <MissingDependencies>
      <MissingDependency>
        <Required type="372" schemaName="dev_5Fazure-20ai-20search-20indexer" displayName="Azure AI Search Indexer" solution="Active" id="{63826b1e-c104-4c31-b381-dc2136ea5751}" />
        <Dependent type="29" displayName="SuperFam - Prepare Video DB" id="{5680fc8e-23f1-ef11-be20-000d3a0adb79}" />
      </MissingDependency>
      <MissingDependency>
        <Required type="372" schemaName="dev_5Fazure-20ai-20search-20indexer" displayName="Azure AI Search Indexer" solution="Active" id="{63826b1e-c104-4c31-b381-dc2136ea5751}" />
        <Dependent type="connectionreference" displayName="dev_SuperFamAzureAISearchIndexer" id.connectionreferencelogicalname="dev_SuperFamAzureAISearchIndexer" />
      </MissingDependency>
      <MissingDependency>
        <Required type="372" schemaName="dev_5Fvideo-20indexer-20for-20nlp" displayName="Video Indexer for NLP" solution="Active" id="{f0013553-0fbb-4208-a9b9-01638f66f964}" />
        <Dependent type="29" displayName="SuperFam - Prepare Video DB" id="{5680fc8e-23f1-ef11-be20-000d3a0adb79}" />
      </MissingDependency>
      <MissingDependency>
        <Required type="372" schemaName="dev_5Fvideo-20indexer-20for-20nlp" displayName="Video Indexer for NLP" solution="Active" id="{f0013553-0fbb-4208-a9b9-01638f66f964}" />
        <Dependent type="29" displayName="SuperFam - Extract Source Videos" id="{68204ff2-e4f1-ef11-be20-000d3a0adb79}" />
      </MissingDependency>
      <MissingDependency>
        <Required type="372" schemaName="dev_5Fvideo-20indexer-20for-20nlp" displayName="Video Indexer for NLP" solution="Active" id="{f0013553-0fbb-4208-a9b9-01638f66f964}" />
        <Dependent type="connectionreference" displayName="dev_SuperFamVideoIndexerforNLPCR" id.connectionreferencelogicalname="dev_SuperFamVideoIndexerforNLPCR" />
      </MissingDependency>
      <MissingDependency>
        <Required type="EnvironmentVariableDefinition" displayName="dev_SuperFamAISearchIndexer" solution="Active" id.schemaname="dev_SuperFamAISearchIndexer" />
        <Dependent type="29" displayName="SuperFam - Prepare Video DB" id="{5680fc8e-23f1-ef11-be20-000d3a0adb79}" />
      </MissingDependency>
      <MissingDependency>
        <Required type="EnvironmentVariableDefinition" displayName="dev_SuperFamVILocation" solution="Active" id.schemaname="dev_SuperFamVILocation" />
        <Dependent type="29" displayName="SuperFam - Prepare Video DB" id="{5680fc8e-23f1-ef11-be20-000d3a0adb79}" />
      </MissingDependency>
      <MissingDependency>
        <Required type="EnvironmentVariableDefinition" displayName="dev_SuperFamVILocation" solution="Active" id.schemaname="dev_SuperFamVILocation" />
        <Dependent type="29" displayName="SuperFam - Extract Source Videos" id="{68204ff2-e4f1-ef11-be20-000d3a0adb79}" />
      </MissingDependency>
    </MissingDependencies>
  </SolutionManifest>
</ImportExportXml>